<?xml version="1.0" encoding="UTF-8"?>
<alto xmlns:xsi="http://www.w3.org/2001/XMLSchema-instance" xsi:noNamespaceSchemaLocation="http://www.bl.uk/schemas/alto/alto-1-4.xsd" xmlns:xlink="http://www.w3.org/1999/xlink">
	<Description>
		<MeasurementUnit>mm10</MeasurementUnit>
		<sourceImageInformation>
			<fileName>//head1/IN/2007-38/A0010734203/000387.jp2</fileName>
		</sourceImageInformation>
		<OCRProcessing ID="OCRPROCESSING_1">
			<preProcessingStep>
				<processingSoftware>
					<softwareCreator>CCS Content Conversion Specialists GmbH, Germany</softwareCreator>
					<softwareName>CCS docWORKS</softwareName>
					<softwareVersion>6.1-0.58</softwareVersion>
				</processingSoftware>
			</preProcessingStep>
			<ocrProcessingStep>
				<processingSoftware>
					<softwareCreator>ABBYY (BIT Software), Russia</softwareCreator>
					<softwareName>Finereader</softwareName>
				</processingSoftware>
			</ocrProcessingStep>
		</OCRProcessing>
	</Description>
	<Styles>
		<TextStyle ID="TXT_0" FONTSIZE="10" FONTFAMILY="Courier New"/>
		<TextStyle ID="TXT_1" FONTSIZE="11" FONTFAMILY="Courier New"/>
		<TextStyle ID="TXT_2" FONTSIZE="9" FONTFAMILY="Courier New"/>
		<ParagraphStyle ID="PAR_LEFT" ALIGN="Left"/>
		<ParagraphStyle ID="PAR_RIGHT" ALIGN="Right"/>
		<ParagraphStyle ID="PAR_CENTER" ALIGN="Center"/>
	</Styles>
	<Layout>
		<Page ID="P43" PHYSICAL_IMG_NR="43" HEIGHT="1981" WIDTH="1214" PRINTED_IMG_NR="39" POSITION="Right" ACCURACY="78.10">
			<TopMargin ID="P43_TM00001" HPOS="0" VPOS="0" WIDTH="1214" HEIGHT="231">
				<TextBlock ID="P43_TB00001" HPOS="395" VPOS="196" WIDTH="281" HEIGHT="24" STYLEREFS="TXT_0 PAR_LEFT">
					<TextLine ID="P43_TL00001" HPOS="396" VPOS="197" WIDTH="280" HEIGHT="23">
						<String ID="P43_ST00001" HPOS="396" VPOS="197" WIDTH="98" HEIGHT="23" CONTENT="ATTO" WC="0.73" CC="0523"/>
						<SP ID="P43_SP00001" HPOS="494" VPOS="220" WIDTH="19"/>
						<String ID="P43_ST00002" HPOS="513" VPOS="197" WIDTH="163" HEIGHT="23" CONTENT="SECONDO" WC="0.91" CC="0000050"/>
					</TextLine>
				</TextBlock>
				<TextBlock ID="P43_TB00002" HPOS="934" VPOS="206" WIDTH="32" HEIGHT="22" STYLEREFS="TXT_1 PAR_RIGHT">
					<TextLine ID="P43_TL00002" HPOS="934" VPOS="206" WIDTH="32" HEIGHT="22">
						<String ID="P43_ST00003" HPOS="934" VPOS="206" WIDTH="32" HEIGHT="22" CONTENT="39" WC="1.00" CC="00"/>
					</TextLine>
				</TextBlock>
			</TopMargin>
			<LeftMargin ID="P43_LM00001" HPOS="0" VPOS="231" WIDTH="71" HEIGHT="1707"/>
			<RightMargin ID="P43_RM00001" HPOS="988" VPOS="231" WIDTH="226" HEIGHT="1707"/>
			<BottomMargin ID="P43_BM00001" HPOS="0" VPOS="1938" WIDTH="1214" HEIGHT="43"/>
			<PrintSpace ID="P43_PS00001" HPOS="71" VPOS="231" WIDTH="917" HEIGHT="1707">
				<TextBlock ID="P43_TB00003" HPOS="77" VPOS="285" WIDTH="911" HEIGHT="62" STYLEREFS="TXT_2 PAR_LEFT">
					<TextLine ID="P43_TL00003" HPOS="77" VPOS="286" WIDTH="911" HEIGHT="29">
						<String ID="P43_ST00004" HPOS="77" VPOS="286" WIDTH="72" HEIGHT="28" CONTENT="(Signa" WC="0.54" CC="010969"/>
						<SP ID="P43_SP00002" HPOS="149" VPOS="314" WIDTH="19"/>
						<String ID="P43_ST00005" HPOS="168" VPOS="292" WIDTH="26" HEIGHT="13" CONTENT="va" WC="0.48" CC="37"/>
						<SP ID="P43_SP00003" HPOS="194" VPOS="314" WIDTH="21"/>
						<String ID="P43_ST00006" HPOS="215" VPOS="292" WIDTH="60" HEIGHT="14" CONTENT="verso" WC="0.60" CC="05535"/>
						<SP ID="P43_SP00004" HPOS="275" VPOS="314" WIDTH="20"/>
						<String ID="P43_ST00007" HPOS="295" VPOS="286" WIDTH="78" HEIGHT="23" CONTENT="Bruno," WC="0.89" CC="003200"/>
						<SP ID="P43_SP00005" HPOS="373" VPOS="314" WIDTH="25"/>
						<String ID="P43_ST00008" HPOS="398" VPOS="286" WIDTH="30" HEIGHT="26" CONTENT="gli" WC="0.58" CC="902"/>
						<SP ID="P43_SP00006" HPOS="428" VPOS="314" WIDTH="21"/>
						<String ID="P43_ST00009" HPOS="449" VPOS="286" WIDTH="81" HEIGHT="27" CONTENT="prende" WC="0.58" CC="963500"/>
						<SP ID="P43_SP00007" HPOS="530" VPOS="314" WIDTH="18"/>
						<String ID="P43_ST00010" HPOS="548" VPOS="286" WIDTH="171" HEIGHT="22" CONTENT="convulsamcnte" WC="0.60" CC="0900177644207"/>
						<SP ID="P43_SP00008" HPOS="719" VPOS="314" WIDTH="15"/>
						<String ID="P43_ST00011" HPOS="734" VPOS="287" WIDTH="21" HEIGHT="21" CONTENT="la" WC="0.99" CC="00"/>
						<SP ID="P43_SP00009" HPOS="755" VPOS="314" WIDTH="19"/>
						<String ID="P43_ST00012" HPOS="774" VPOS="295" WIDTH="64" HEIGHT="13" CONTENT="mano" WC="0.66" CC="0804"/>
						<SP ID="P43_SP00010" HPOS="838" VPOS="314" WIDTH="15"/>
						<String ID="P43_ST00013" HPOS="853" VPOS="295" WIDTH="11" HEIGHT="13" CONTENT="e" WC="0.88" CC="1"/>
						<SP ID="P43_SP00011" HPOS="864" VPOS="314" WIDTH="20"/>
						<String ID="P43_ST00014" HPOS="884" VPOS="289" WIDTH="64" HEIGHT="26" CONTENT="gliela" WC="0.62" CC="950600"/>
						<SP ID="P43_SP00012" HPOS="948" VPOS="315" WIDTH="14"/>
						<String ID="P43_ST00015" HPOS="962" VPOS="289" WIDTH="26" HEIGHT="20" CONTENT="ba-" WC="0.28" CC="588"/>
					</TextLine>
					<TextLine ID="P43_TL00004" HPOS="129" VPOS="320" WIDTH="347" HEIGHT="27">
						<String ID="P43_ST00016" HPOS="129" VPOS="321" WIDTH="31" HEIGHT="20" CONTENT="cia" WC="0.60" CC="650"/>
						<SP ID="P43_SP00013" HPOS="160" VPOS="341" WIDTH="16"/>
						<String ID="P43_ST00017" HPOS="176" VPOS="327" WIDTH="39" HEIGHT="14" CONTENT="con" WC="0.36" CC="566"/>
						<SP ID="P43_SP00014" HPOS="215" VPOS="341" WIDTH="16"/>
						<String ID="P43_ST00018" HPOS="231" VPOS="320" WIDTH="105" HEIGHT="27" CONTENT="profonda" WC="0.61" CC="90903700"/>
						<SP ID="P43_SP00015" HPOS="336" VPOS="347" WIDTH="15"/>
						<String ID="P43_ST00019" HPOS="351" VPOS="321" WIDTH="125" HEIGHT="26" CONTENT="emozione.)" WC="0.77" CC="0065091000"/>
					</TextLine>
				</TextBlock>
				<TextBlock ID="P43_TB00004" HPOS="485" VPOS="378" WIDTH="97" HEIGHT="20" STYLEREFS="TXT_2 PAR_CENTER">
					<TextLine ID="P43_TL00005" HPOS="485" VPOS="379" WIDTH="97" HEIGHT="19">
						<String ID="P43_ST00020" HPOS="485" VPOS="379" WIDTH="97" HEIGHT="19" CONTENT="SIGNA." WC="0.88" CC="000700"/>
					</TextLine>
				</TextBlock>
				<TextBlock ID="P43_TB00005" HPOS="150" VPOS="433" WIDTH="718" HEIGHT="169" STYLEREFS="TXT_2 PAR_LEFT">
					<TextLine ID="P43_TL00006" HPOS="151" VPOS="434" WIDTH="717" HEIGHT="42">
						<String ID="P43_ST00021" HPOS="151" VPOS="434" WIDTH="71" HEIGHT="30" CONTENT="Non" WC="1.00" CC="000"/>
						<SP ID="P43_SP00016" HPOS="222" VPOS="464" WIDTH="21"/>
						<String ID="P43_ST00022" HPOS="243" VPOS="434" WIDTH="40" HEIGHT="30" CONTENT="mi" WC="0.83" CC="03"/>
						<SP ID="P43_SP00017" HPOS="283" VPOS="464" WIDTH="21"/>
						<String ID="P43_ST00023" HPOS="304" VPOS="435" WIDTH="141" HEIGHT="37" CONTENT="scacciar," WC="0.96" CC="000003000"/>
						<SP ID="P43_SP00018" HPOS="445" VPOS="472" WIDTH="24"/>
						<String ID="P43_ST00024" HPOS="469" VPOS="446" WIDTH="61" HEIGHT="19" CONTENT="non" WC="0.92" CC="002"/>
						<SP ID="P43_SP00019" HPOS="530" VPOS="472" WIDTH="22"/>
						<String ID="P43_ST00025" HPOS="552" VPOS="435" WIDTH="40" HEIGHT="30" CONTENT="mi" WC="0.70" CC="05"/>
						<SP ID="P43_SP00020" HPOS="592" VPOS="472" WIDTH="21"/>
						<String ID="P43_ST00026" HPOS="613" VPOS="436" WIDTH="134" HEIGHT="30" CONTENT="scacciar" WC="0.99" CC="00000000"/>
						<SP ID="P43_SP00021" HPOS="747" VPOS="472" WIDTH="21"/>
						<String ID="P43_ST00027" HPOS="768" VPOS="436" WIDTH="28" HEIGHT="31" CONTENT="di" WC="1.00" CC="00"/>
						<SP ID="P43_SP00022" HPOS="796" VPOS="472" WIDTH="22"/>
						<String ID="P43_ST00028" HPOS="818" VPOS="437" WIDTH="50" HEIGHT="39" CONTENT="qui" WC="0.96" CC="001"/>
					</TextLine>
					<TextLine ID="P43_TL00007" HPOS="151" VPOS="480" WIDTH="690" HEIGHT="40">
						<String ID="P43_ST00029" HPOS="151" VPOS="480" WIDTH="169" HEIGHT="40" CONTENT="Sdegnato," WC="0.88" CC="000032202"/>
						<SP ID="P43_SP00023" HPOS="320" VPOS="520" WIDTH="23"/>
						<String ID="P43_ST00030" HPOS="343" VPOS="481" WIDTH="97" HEIGHT="38" CONTENT="padre" WC="1.00" CC="00000"/>
						<SP ID="P43_SP00024" HPOS="440" VPOS="520" WIDTH="21"/>
						<String ID="P43_ST00031" HPOS="461" VPOS="481" WIDTH="76" HEIGHT="31" CONTENT="mio!" WC="0.94" CC="0200"/>
						<SP ID="P43_SP00025" HPOS="537" VPOS="520" WIDTH="23"/>
						<String ID="P43_ST00032" HPOS="560" VPOS="482" WIDTH="66" HEIGHT="30" CONTENT="Ah!" WC="0.81" CC="050"/>
						<SP ID="P43_SP00026" HPOS="626" VPOS="520" WIDTH="24"/>
						<String ID="P43_ST00033" HPOS="650" VPOS="482" WIDTH="79" HEIGHT="31" CONTENT="forse" WC="0.72" CC="02380"/>
						<SP ID="P43_SP00027" HPOS="729" VPOS="520" WIDTH="22"/>
						<String ID="P43_ST00034" HPOS="751" VPOS="494" WIDTH="40" HEIGHT="19" CONTENT="un" WC="0.79" CC="04"/>
						<SP ID="P43_SP00028" HPOS="791" VPOS="520" WIDTH="21"/>
						<String ID="P43_ST00035" HPOS="812" VPOS="483" WIDTH="29" HEIGHT="30" CONTENT="di" WC="0.68" CC="06"/>
					</TextLine>
					<TextLine ID="P43_TL00008" HPOS="152" VPOS="527" WIDTH="715" HEIGHT="41">
						<String ID="P43_ST00036" HPOS="152" VPOS="527" WIDTH="186" HEIGHT="30" CONTENT="L'immensa" WC="0.87" CC="055000000"/>
						<SP ID="P43_SP00029" HPOS="338" VPOS="557" WIDTH="21"/>
						<String ID="P43_ST00037" HPOS="359" VPOS="528" WIDTH="149" HEIGHT="39" CONTENT="angoscia" WC="0.85" CC="02030050"/>
						<SP ID="P43_SP00030" HPOS="508" VPOS="567" WIDTH="21"/>
						<String ID="P43_ST00038" HPOS="529" VPOS="527" WIDTH="47" HEIGHT="30" CONTENT="del" WC="0.83" CC="013"/>
						<SP ID="P43_SP00031" HPOS="576" VPOS="567" WIDTH="23"/>
						<String ID="P43_ST00039" HPOS="599" VPOS="528" WIDTH="62" HEIGHT="30" CONTENT="mio" WC="0.79" CC="060"/>
						<SP ID="P43_SP00032" HPOS="661" VPOS="567" WIDTH="21"/>
						<String ID="P43_ST00040" HPOS="682" VPOS="540" WIDTH="52" HEIGHT="18" CONTENT="cor" WC="1.00" CC="000"/>
						<SP ID="P43_SP00033" HPOS="734" VPOS="567" WIDTH="22"/>
						<String ID="P43_ST00041" HPOS="756" VPOS="529" WIDTH="111" HEIGHT="39" CONTENT="saprai," WC="0.79" CC="4001043"/>
					</TextLine>
					<TextLine ID="P43_TL00009" HPOS="151" VPOS="572" WIDTH="355" HEIGHT="30">
						<String ID="P43_ST00042" HPOS="151" VPOS="573" WIDTH="26" HEIGHT="29" CONTENT="E" WC="0.74" CC="2"/>
						<SP ID="P43_SP00034" HPOS="177" VPOS="602" WIDTH="20"/>
						<String ID="P43_ST00043" HPOS="197" VPOS="572" WIDTH="29" HEIGHT="30" CONTENT="la" WC="1.00" CC="00"/>
						<SP ID="P43_SP00035" HPOS="226" VPOS="602" WIDTH="19"/>
						<String ID="P43_ST00044" HPOS="245" VPOS="579" WIDTH="118" HEIGHT="23" CONTENT="tortura" WC="0.85" CC="0330020"/>
						<SP ID="P43_SP00036" HPOS="363" VPOS="602" WIDTH="21"/>
						<String ID="P43_ST00045" HPOS="384" VPOS="573" WIDTH="122" HEIGHT="29" CONTENT="orribile" WC="0.91" CC="00240000"/>
					</TextLine>
				</TextBlock>
				<TextBlock ID="P43_TB00006" HPOS="150" VPOS="618" WIDTH="588" HEIGHT="85" STYLEREFS="TXT_2 PAR_LEFT">
					<TextLine ID="P43_TL00010" HPOS="151" VPOS="619" WIDTH="574" HEIGHT="40">
						<String ID="P43_ST00046" HPOS="151" VPOS="620" WIDTH="65" HEIGHT="31" CONTENT="Che" WC="0.78" CC="402"/>
						<SP ID="P43_SP00037" HPOS="216" VPOS="651" WIDTH="21"/>
						<String ID="P43_ST00047" HPOS="237" VPOS="620" WIDTH="29" HEIGHT="31" CONTENT="lo" WC="0.82" CC="03"/>
						<SP ID="P43_SP00038" HPOS="266" VPOS="651" WIDTH="21"/>
						<String ID="P43_ST00048" HPOS="287" VPOS="619" WIDTH="113" HEIGHT="31" CONTENT="dilania" WC="0.90" CC="0400200"/>
						<SP ID="P43_SP00039" HPOS="400" VPOS="651" WIDTH="21"/>
						<String ID="P43_ST00049" HPOS="421" VPOS="619" WIDTH="48" HEIGHT="31" CONTENT="nel" WC="0.76" CC="006"/>
						<SP ID="P43_SP00040" HPOS="469" VPOS="651" WIDTH="22"/>
						<String ID="P43_ST00050" HPOS="491" VPOS="627" WIDTH="144" HEIGHT="32" CONTENT="strappar" WC="0.97" CC="00200000"/>
						<SP ID="P43_SP00041" HPOS="635" VPOS="659" WIDTH="21"/>
						<String ID="P43_ST00051" HPOS="656" VPOS="631" WIDTH="18" HEIGHT="19" CONTENT="a" WC="1.00" CC="0"/>
						<SP ID="P43_SP00042" HPOS="674" VPOS="659" WIDTH="21"/>
						<String ID="P43_ST00052" HPOS="695" VPOS="628" WIDTH="30" HEIGHT="23" CONTENT="te" WC="0.67" CC="06"/>
					</TextLine>
					<TextLine ID="P43_TL00011" HPOS="150" VPOS="666" WIDTH="588" HEIGHT="37">
						<String ID="P43_ST00053" HPOS="150" VPOS="666" WIDTH="46" HEIGHT="29" CONTENT="La" WC="0.93" CC="10"/>
						<SP ID="P43_SP00043" HPOS="196" VPOS="695" WIDTH="20"/>
						<String ID="P43_ST00054" HPOS="216" VPOS="666" WIDTH="69" HEIGHT="30" CONTENT="fede" WC="1.00" CC="0000"/>
						<SP ID="P43_SP00044" HPOS="285" VPOS="696" WIDTH="21"/>
						<String ID="P43_ST00055" HPOS="306" VPOS="666" WIDTH="56" HEIGHT="29" CONTENT="che" WC="1.00" CC="000"/>
						<SP ID="P43_SP00045" HPOS="362" VPOS="696" WIDTH="21"/>
						<String ID="P43_ST00056" HPOS="383" VPOS="666" WIDTH="117" HEIGHT="37" CONTENT="riposta" WC="0.98" CC="0100000"/>
						<SP ID="P43_SP00046" HPOS="500" VPOS="703" WIDTH="21"/>
						<String ID="P43_ST00057" HPOS="521" VPOS="667" WIDTH="88" HEIGHT="29" CONTENT="avevi" WC="0.88" CC="00005"/>
						<SP ID="P43_SP00047" HPOS="609" VPOS="703" WIDTH="21"/>
						<String ID="P43_ST00058" HPOS="630" VPOS="667" WIDTH="30" HEIGHT="28" CONTENT="in" WC="0.41" CC="56"/>
						<SP ID="P43_SP00048" HPOS="660" VPOS="703" WIDTH="22"/>
						<String ID="P43_ST00059" HPOS="682" VPOS="678" WIDTH="56" HEIGHT="18" CONTENT="me." WC="0.70" CC="071"/>
					</TextLine>
				</TextBlock>
				<TextBlock ID="P43_TB00007" HPOS="330" VPOS="734" WIDTH="410" HEIGHT="27" STYLEREFS="TXT_2 PAR_CENTER">
					<TextLine ID="P43_TL00012" HPOS="331" VPOS="735" WIDTH="409" HEIGHT="26">
						<String ID="P43_ST00060" HPOS="331" VPOS="736" WIDTH="100" HEIGHT="20" CONTENT="BRUNO" WC="0.42" CC="90764"/>
						<SP ID="P43_SP00049" HPOS="431" VPOS="756" WIDTH="16"/>
						<String ID="P43_ST00061" HPOS="447" VPOS="735" WIDTH="139" HEIGHT="26" CONTENT="(dominando" WC="0.73" CC="3060060009"/>
						<SP ID="P43_SP00050" HPOS="586" VPOS="761" WIDTH="16"/>
						<String ID="P43_ST00062" HPOS="602" VPOS="735" WIDTH="138" HEIGHT="26" CONTENT="l'emozione)." WC="0.58" CC="756207526211"/>
					</TextLine>
				</TextBlock>
				<TextBlock ID="P43_TB00008" HPOS="148" VPOS="792" WIDTH="750" HEIGHT="177" STYLEREFS="TXT_0 PAR_LEFT">
					<TextLine ID="P43_TL00013" HPOS="150" VPOS="793" WIDTH="748" HEIGHT="30">
						<String ID="P43_ST00063" HPOS="150" VPOS="793" WIDTH="68" HEIGHT="30" CONTENT="Ten" WC="1.00" CC="000"/>
						<SP ID="P43_SP00051" HPOS="218" VPOS="823" WIDTH="21"/>
						<String ID="P43_ST00064" HPOS="239" VPOS="797" WIDTH="53" HEIGHT="26" CONTENT="va!" WC="0.91" CC="002"/>
						<SP ID="P43_SP00052" HPOS="292" VPOS="823" WIDTH="23"/>
						<String ID="P43_ST00065" HPOS="315" VPOS="793" WIDTH="66" HEIGHT="30" CONTENT="Che" WC="1.00" CC="000"/>
						<SP ID="P43_SP00053" HPOS="381" VPOS="823" WIDTH="22"/>
						<String ID="P43_ST00066" HPOS="403" VPOS="800" WIDTH="104" HEIGHT="22" CONTENT="mente" WC="0.82" CC="01600"/>
						<SP ID="P43_SP00054" HPOS="507" VPOS="823" WIDTH="21"/>
						<String ID="P43_ST00067" HPOS="528" VPOS="804" WIDTH="113" HEIGHT="18" CONTENT="umana" WC="1.00" CC="00000"/>
						<SP ID="P43_SP00055" HPOS="641" VPOS="823" WIDTH="22"/>
						<String ID="P43_ST00068" HPOS="663" VPOS="804" WIDTH="17" HEIGHT="18" CONTENT="a" WC="1.00" CC="0"/>
						<SP ID="P43_SP00056" HPOS="680" VPOS="823" WIDTH="21"/>
						<String ID="P43_ST00069" HPOS="701" VPOS="793" WIDTH="47" HEIGHT="29" CONTENT="dir" WC="0.94" CC="000"/>
						<SP ID="P43_SP00057" HPOS="748" VPOS="823" WIDTH="22"/>
						<String ID="P43_ST00070" HPOS="770" VPOS="804" WIDTH="60" HEIGHT="19" CONTENT="non" WC="0.81" CC="023"/>
						<SP ID="P43_SP00058" HPOS="830" VPOS="823" WIDTH="21"/>
						<String ID="P43_ST00071" HPOS="851" VPOS="794" WIDTH="47" HEIGHT="28" CONTENT="val" WC="0.77" CC="006"/>
					</TextLine>
					<TextLine ID="P43_TL00014" HPOS="150" VPOS="838" WIDTH="698" HEIGHT="39">
						<String ID="P43_ST00072" HPOS="150" VPOS="838" WIDTH="41" HEIGHT="31" CONTENT="Se" WC="1.00" CC="00"/>
						<SP ID="P43_SP00059" HPOS="191" VPOS="869" WIDTH="22"/>
						<String ID="P43_ST00073" HPOS="213" VPOS="838" WIDTH="16" HEIGHT="30" CONTENT="il" WC="0.70" CC="05"/>
						<SP ID="P43_SP00060" HPOS="229" VPOS="869" WIDTH="22"/>
						<String ID="P43_ST00074" HPOS="251" VPOS="846" WIDTH="53" HEIGHT="23" CONTENT="tuo" WC="0.67" CC="620"/>
						<SP ID="P43_SP00061" HPOS="304" VPOS="869" WIDTH="22"/>
						<String ID="P43_ST00075" HPOS="326" VPOS="839" WIDTH="94" HEIGHT="38" CONTENT="partir" WC="0.92" CC="000400"/>
						<SP ID="P43_SP00062" HPOS="420" VPOS="877" WIDTH="22"/>
						<String ID="P43_ST00076" HPOS="442" VPOS="838" WIDTH="44" HEIGHT="30" CONTENT="sia" WC="1.00" CC="000"/>
						<SP ID="P43_SP00063" HPOS="486" VPOS="877" WIDTH="22"/>
						<String ID="P43_ST00077" HPOS="508" VPOS="838" WIDTH="89" HEIGHT="37" CONTENT="bene," WC="1.00" CC="00000"/>
						<SP ID="P43_SP00064" HPOS="597" VPOS="877" WIDTH="22"/>
						<String ID="P43_ST00078" HPOS="619" VPOS="849" WIDTH="20" HEIGHT="19" CONTENT="o" WC="1.00" CC="0"/>
						<SP ID="P43_SP00065" HPOS="639" VPOS="877" WIDTH="20"/>
						<String ID="P43_ST00079" HPOS="659" VPOS="849" WIDTH="34" HEIGHT="20" CONTENT="se" WC="1.00" CC="00"/>
						<SP ID="P43_SP00066" HPOS="693" VPOS="877" WIDTH="21"/>
						<String ID="P43_ST00080" HPOS="714" VPOS="838" WIDTH="45" HEIGHT="30" CONTENT="sia" WC="1.00" CC="000"/>
						<SP ID="P43_SP00067" HPOS="759" VPOS="877" WIDTH="21"/>
						<String ID="P43_ST00081" HPOS="780" VPOS="838" WIDTH="68" HEIGHT="30" CONTENT="mal." WC="0.97" CC="0000"/>
					</TextLine>
					<TextLine ID="P43_TL00015" HPOS="149" VPOS="884" WIDTH="680" HEIGHT="37">
						<String ID="P43_ST00082" HPOS="149" VPOS="885" WIDTH="69" HEIGHT="30" CONTENT="Non" WC="0.71" CC="034"/>
						<SP ID="P43_SP00068" HPOS="218" VPOS="915" WIDTH="21"/>
						<String ID="P43_ST00083" HPOS="239" VPOS="885" WIDTH="90" HEIGHT="31" CONTENT="hawi" WC="0.77" CC="0080"/>
						<SP ID="P43_SP00069" HPOS="329" VPOS="916" WIDTH="24"/>
						<String ID="P43_ST00084" HPOS="353" VPOS="884" WIDTH="47" HEIGHT="31" CONTENT="nel" WC="1.00" CC="000"/>
						<SP ID="P43_SP00070" HPOS="400" VPOS="916" WIDTH="21"/>
						<String ID="P43_ST00085" HPOS="421" VPOS="885" WIDTH="63" HEIGHT="30" CONTENT="mio" WC="0.46" CC="734"/>
						<SP ID="P43_SP00071" HPOS="484" VPOS="916" WIDTH="21"/>
						<String ID="P43_ST00086" HPOS="505" VPOS="896" WIDTH="76" HEIGHT="19" CONTENT="seno" WC="0.90" CC="0003"/>
						<SP ID="P43_SP00072" HPOS="581" VPOS="916" WIDTH="22"/>
						<String ID="P43_ST00087" HPOS="603" VPOS="884" WIDTH="87" HEIGHT="30" CONTENT="alcun" WC="0.77" CC="04006"/>
						<SP ID="P43_SP00073" HPOS="690" VPOS="916" WIDTH="22"/>
						<String ID="P43_ST00088" HPOS="712" VPOS="895" WIDTH="117" HEIGHT="26" CONTENT="rancor," WC="0.91" CC="0060000"/>
					</TextLine>
					<TextLine ID="P43_TL00016" HPOS="149" VPOS="931" WIDTH="313" HEIGHT="38">
						<String ID="P43_ST00089" HPOS="149" VPOS="931" WIDTH="29" HEIGHT="30" CONTENT="O" WC="0.50" CC="4"/>
						<SP ID="P43_SP00074" HPOS="178" VPOS="961" WIDTH="21"/>
						<String ID="P43_ST00090" HPOS="199" VPOS="931" WIDTH="91" HEIGHT="38" CONTENT="figlio," WC="0.88" CC="0000350"/>
						<SP ID="P43_SP00075" HPOS="290" VPOS="969" WIDTH="22"/>
						<String ID="P43_ST00091" HPOS="312" VPOS="942" WIDTH="91" HEIGHT="19" CONTENT="verso" WC="0.83" CC="00430"/>
						<SP ID="P43_SP00076" HPOS="403" VPOS="969" WIDTH="22"/>
						<String ID="P43_ST00092" HPOS="425" VPOS="938" WIDTH="37" HEIGHT="22" CONTENT="te." WC="0.86" CC="210"/>
					</TextLine>
				</TextBlock>
				<TextBlock ID="P43_TB00009" HPOS="149" VPOS="976" WIDTH="385" HEIGHT="35" STYLEREFS="TXT_0 PAR_LEFT">
					<TextLine ID="P43_TL00017" HPOS="149" VPOS="976" WIDTH="385" HEIGHT="35">
						<String ID="P43_ST00093" HPOS="149" VPOS="976" WIDTH="123" HEIGHT="31" CONTENT="L'amor" WC="0.84" CC="620000"/>
						<SP ID="P43_SP00077" HPOS="272" VPOS="1007" WIDTH="21"/>
						<String ID="P43_ST00094" HPOS="293" VPOS="976" WIDTH="111" HEIGHT="31" CONTENT="trionfa" WC="0.75" CC="1012750"/>
						<SP ID="P43_SP00078" HPOS="404" VPOS="1007" WIDTH="21"/>
						<String ID="P43_ST00095" HPOS="425" VPOS="977" WIDTH="29" HEIGHT="29" CONTENT="in" WC="0.76" CC="04"/>
						<SP ID="P43_SP00079" HPOS="454" VPOS="1007" WIDTH="22"/>
						<String ID="P43_ST00096" HPOS="476" VPOS="987" WIDTH="58" HEIGHT="24" CONTENT="me," WC="1.00" CC="000"/>
					</TextLine>
				</TextBlock>
				<TextBlock ID="P43_TB00010" HPOS="148" VPOS="1021" WIDTH="670" HEIGHT="38" STYLEREFS="TXT_0 PAR_LEFT">
					<TextLine ID="P43_TL00018" HPOS="148" VPOS="1021" WIDTH="670" HEIGHT="38">
						<String ID="P43_ST00097" HPOS="148" VPOS="1023" WIDTH="111" HEIGHT="30" CONTENT="S'anco" WC="0.89" CC="030002"/>
						<SP ID="P43_SP00080" HPOS="259" VPOS="1053" WIDTH="22"/>
						<String ID="P43_ST00098" HPOS="281" VPOS="1023" WIDTH="28" HEIGHT="29" CONTENT="in" WC="0.27" CC="68"/>
						<SP ID="P43_SP00081" HPOS="309" VPOS="1053" WIDTH="21"/>
						<String ID="P43_ST00099" HPOS="330" VPOS="1022" WIDTH="131" HEIGHT="31" CONTENT="lasciarti" WC="0.81" CC="004040106"/>
						<SP ID="P43_SP00082" HPOS="461" VPOS="1053" WIDTH="22"/>
						<String ID="P43_ST00100" HPOS="483" VPOS="1022" WIDTH="40" HEIGHT="30" CONTENT="mi" WC="0.74" CC="05"/>
						<SP ID="P43_SP00083" HPOS="523" VPOS="1053" WIDTH="22"/>
						<String ID="P43_ST00101" HPOS="545" VPOS="1022" WIDTH="24" HEIGHT="30" CONTENT="si" WC="0.73" CC="05"/>
						<SP ID="P43_SP00084" HPOS="569" VPOS="1053" WIDTH="22"/>
						<String ID="P43_ST00102" HPOS="591" VPOS="1032" WIDTH="109" HEIGHT="27" CONTENT="spezza" WC="0.88" CC="000070"/>
						<SP ID="P43_SP00085" HPOS="700" VPOS="1059" WIDTH="21"/>
						<String ID="P43_ST00103" HPOS="721" VPOS="1021" WIDTH="17" HEIGHT="31" CONTENT="il" WC="0.40" CC="46"/>
						<SP ID="P43_SP00086" HPOS="738" VPOS="1059" WIDTH="22"/>
						<String ID="P43_ST00104" HPOS="760" VPOS="1032" WIDTH="58" HEIGHT="20" CONTENT="cor." WC="0.98" CC="0000"/>
					</TextLine>
				</TextBlock>
				<TextBlock ID="P43_TB00011" HPOS="441" VPOS="1091" WIDTH="175" HEIGHT="19" STYLEREFS="TXT_0 PAR_CENTER">
					<TextLine ID="P43_TL00019" HPOS="441" VPOS="1092" WIDTH="175" HEIGHT="18">
						<String ID="P43_ST00105" HPOS="441" VPOS="1092" WIDTH="175" HEIGHT="18" CONTENT="CONTADINI." WC="0.55" CC="0060983950"/>
					</TextLine>
				</TextBlock>
				<TextBlock ID="P43_TB00012" HPOS="145" VPOS="1145" WIDTH="749" HEIGHT="128" STYLEREFS="TXT_0 PAR_LEFT">
					<TextLine ID="P43_TL00020" HPOS="147" VPOS="1146" WIDTH="747" HEIGHT="32">
						<String ID="P43_ST00106" HPOS="147" VPOS="1148" WIDTH="68" HEIGHT="30" CONTENT="Ten" WC="0.98" CC="000"/>
						<SP ID="P43_SP00087" HPOS="215" VPOS="1178" WIDTH="21"/>
						<String ID="P43_ST00107" HPOS="236" VPOS="1152" WIDTH="51" HEIGHT="26" CONTENT="va!" WC="1.00" CC="000"/>
						<SP ID="P43_SP00088" HPOS="287" VPOS="1178" WIDTH="25"/>
						<String ID="P43_ST00108" HPOS="312" VPOS="1148" WIDTH="67" HEIGHT="30" CONTENT="Che" WC="1.00" CC="000"/>
						<SP ID="P43_SP00089" HPOS="379" VPOS="1178" WIDTH="21"/>
						<String ID="P43_ST00109" HPOS="400" VPOS="1154" WIDTH="104" HEIGHT="23" CONTENT="mente" WC="0.91" CC="00400"/>
						<SP ID="P43_SP00090" HPOS="504" VPOS="1178" WIDTH="21"/>
						<String ID="P43_ST00110" HPOS="525" VPOS="1158" WIDTH="113" HEIGHT="18" CONTENT="umana" WC="0.97" CC="00010"/>
						<SP ID="P43_SP00091" HPOS="638" VPOS="1178" WIDTH="22"/>
						<String ID="P43_ST00111" HPOS="660" VPOS="1157" WIDTH="18" HEIGHT="18" CONTENT="a" WC="1.00" CC="0"/>
						<SP ID="P43_SP00092" HPOS="678" VPOS="1178" WIDTH="21"/>
						<String ID="P43_ST00112" HPOS="699" VPOS="1147" WIDTH="46" HEIGHT="28" CONTENT="dir" WC="0.79" CC="060"/>
						<SP ID="P43_SP00093" HPOS="745" VPOS="1178" WIDTH="22"/>
						<String ID="P43_ST00113" HPOS="767" VPOS="1157" WIDTH="61" HEIGHT="19" CONTENT="non" WC="0.58" CC="506"/>
						<SP ID="P43_SP00094" HPOS="828" VPOS="1178" WIDTH="21"/>
						<String ID="P43_ST00114" HPOS="849" VPOS="1146" WIDTH="45" HEIGHT="30" CONTENT="val" WC="0.78" CC="600"/>
					</TextLine>
					<TextLine ID="P43_TL00021" HPOS="147" VPOS="1192" WIDTH="687" HEIGHT="40">
						<String ID="P43_ST00115" HPOS="147" VPOS="1195" WIDTH="40" HEIGHT="29" CONTENT="Se" WC="0.03" CC="99"/>
						<SP ID="P43_SP00095" HPOS="187" VPOS="1224" WIDTH="22"/>
						<String ID="P43_ST00116" HPOS="209" VPOS="1194" WIDTH="16" HEIGHT="30" CONTENT="il" WC="0.93" CC="10"/>
						<SP ID="P43_SP00096" HPOS="225" VPOS="1224" WIDTH="23"/>
						<String ID="P43_ST00117" HPOS="248" VPOS="1201" WIDTH="52" HEIGHT="24" CONTENT="tuo" WC="0.91" CC="020"/>
						<SP ID="P43_SP00097" HPOS="300" VPOS="1225" WIDTH="21"/>
						<String ID="P43_ST00118" HPOS="321" VPOS="1194" WIDTH="96" HEIGHT="38" CONTENT="partir" WC="0.77" CC="005421"/>
						<SP ID="P43_SP00098" HPOS="417" VPOS="1232" WIDTH="21"/>
						<String ID="P43_ST00119" HPOS="438" VPOS="1193" WIDTH="45" HEIGHT="30" CONTENT="sia" WC="1.00" CC="000"/>
						<SP ID="P43_SP00099" HPOS="483" VPOS="1232" WIDTH="20"/>
						<String ID="P43_ST00120" HPOS="503" VPOS="1193" WIDTH="81" HEIGHT="30" CONTENT="bene" WC="0.96" CC="0010"/>
						<SP ID="P43_SP00100" HPOS="584" VPOS="1232" WIDTH="21"/>
						<String ID="P43_ST00121" HPOS="605" VPOS="1204" WIDTH="19" HEIGHT="18" CONTENT="o" WC="0.63" CC="3"/>
						<SP ID="P43_SP00101" HPOS="624" VPOS="1232" WIDTH="22"/>
						<String ID="P43_ST00122" HPOS="646" VPOS="1203" WIDTH="33" HEIGHT="19" CONTENT="se" WC="0.86" CC="02"/>
						<SP ID="P43_SP00102" HPOS="679" VPOS="1232" WIDTH="21"/>
						<String ID="P43_ST00123" HPOS="700" VPOS="1192" WIDTH="45" HEIGHT="30" CONTENT="sia" WC="0.70" CC="800"/>
						<SP ID="P43_SP00103" HPOS="745" VPOS="1232" WIDTH="21"/>
						<String ID="P43_ST00124" HPOS="766" VPOS="1192" WIDTH="68" HEIGHT="30" CONTENT="mal." WC="0.82" CC="0070"/>
					</TextLine>
					<TextLine ID="P43_TL00022" HPOS="145" VPOS="1238" WIDTH="632" HEIGHT="35">
						<String ID="P43_ST00125" HPOS="145" VPOS="1240" WIDTH="71" HEIGHT="30" CONTENT="Non" WC="0.61" CC="046"/>
						<SP ID="P43_SP00104" HPOS="216" VPOS="1270" WIDTH="20"/>
						<String ID="P43_ST00126" HPOS="236" VPOS="1251" WIDTH="35" HEIGHT="19" CONTENT="sa" WC="1.00" CC="00"/>
						<SP ID="P43_SP00105" HPOS="271" VPOS="1270" WIDTH="22"/>
						<String ID="P43_ST00127" HPOS="293" VPOS="1240" WIDTH="112" HEIGHT="29" CONTENT="nutrire" WC="0.59" CC="6003476"/>
						<SP ID="P43_SP00106" HPOS="405" VPOS="1270" WIDTH="21"/>
						<String ID="P43_ST00128" HPOS="426" VPOS="1239" WIDTH="104" HEIGHT="30" CONTENT="Bruno" WC="0.95" CC="00020"/>
						<SP ID="P43_SP00107" HPOS="530" VPOS="1270" WIDTH="21"/>
						<String ID="P43_ST00129" HPOS="551" VPOS="1238" WIDTH="87" HEIGHT="30" CONTENT="alcun" WC="1.00" CC="00000"/>
						<SP ID="P43_SP00108" HPOS="638" VPOS="1270" WIDTH="22"/>
						<String ID="P43_ST00130" HPOS="660" VPOS="1249" WIDTH="117" HEIGHT="24" CONTENT="rancor," WC="1.00" CC="0000000"/>
					</TextLine>
				</TextBlock>
				<TextBlock ID="P43_TB00013" HPOS="145" VPOS="1284" WIDTH="380" HEIGHT="81" STYLEREFS="TXT_0 PAR_LEFT">
					<TextLine ID="P43_TL00023" HPOS="146" VPOS="1285" WIDTH="335" HEIGHT="40">
						<String ID="P43_ST00131" HPOS="146" VPOS="1285" WIDTH="29" HEIGHT="30" CONTENT="O" WC="1.00" CC="0"/>
						<SP ID="P43_SP00109" HPOS="175" VPOS="1315" WIDTH="21"/>
						<String ID="P43_ST00132" HPOS="196" VPOS="1286" WIDTH="105" HEIGHT="39" CONTENT="Signa," WC="1.00" CC="000000"/>
						<SP ID="P43_SP00110" HPOS="301" VPOS="1325" WIDTH="23"/>
						<String ID="P43_ST00133" HPOS="324" VPOS="1296" WIDTH="90" HEIGHT="19" CONTENT="verso" WC="0.90" CC="04000"/>
						<SP ID="P43_SP00111" HPOS="414" VPOS="1325" WIDTH="22"/>
						<String ID="P43_ST00134" HPOS="436" VPOS="1291" WIDTH="45" HEIGHT="29" CONTENT="te;" WC="0.78" CC="420"/>
					</TextLine>
					<TextLine ID="P43_TL00024" HPOS="145" VPOS="1330" WIDTH="380" HEIGHT="35">
						<String ID="P43_ST00135" HPOS="145" VPOS="1331" WIDTH="52" HEIGHT="30" CONTENT="Ma" WC="1.00" CC="00"/>
						<SP ID="P43_SP00112" HPOS="197" VPOS="1361" WIDTH="21"/>
						<String ID="P43_ST00136" HPOS="218" VPOS="1332" WIDTH="60" HEIGHT="30" CONTENT="ben" WC="0.55" CC="606"/>
						<SP ID="P43_SP00113" HPOS="278" VPOS="1362" WIDTH="21"/>
						<String ID="P43_ST00137" HPOS="299" VPOS="1330" WIDTH="102" HEIGHT="32" CONTENT="crudel" WC="0.91" CC="005000"/>
						<SP ID="P43_SP00114" HPOS="401" VPOS="1362" WIDTH="21"/>
						<String ID="P43_ST00138" HPOS="422" VPOS="1338" WIDTH="32" HEIGHT="23" CONTENT="tu" WC="1.00" CC="00"/>
						<SP ID="P43_SP00115" HPOS="454" VPOS="1362" WIDTH="21"/>
						<String ID="P43_ST00139" HPOS="475" VPOS="1330" WIDTH="50" HEIGHT="35" CONTENT="se'," WC="0.83" CC="0060"/>
					</TextLine>
				</TextBlock>
				<TextBlock ID="P43_TB00014" HPOS="145" VPOS="1374" WIDTH="655" HEIGHT="40" STYLEREFS="TXT_0 PAR_LEFT">
					<TextLine ID="P43_TL00025" HPOS="145" VPOS="1374" WIDTH="655" HEIGHT="40">
						<String ID="P43_ST00140" HPOS="145" VPOS="1377" WIDTH="57" HEIGHT="30" CONTENT="Nel" WC="0.97" CC="000"/>
						<SP ID="P43_SP00116" HPOS="202" VPOS="1407" WIDTH="20"/>
						<String ID="P43_ST00141" HPOS="222" VPOS="1378" WIDTH="75" HEIGHT="29" CONTENT="dare" WC="0.97" CC="0000"/>
						<SP ID="P43_SP00117" HPOS="297" VPOS="1407" WIDTH="22"/>
						<String ID="P43_ST00142" HPOS="319" VPOS="1377" WIDTH="27" HEIGHT="30" CONTENT="al" WC="1.00" CC="00"/>
						<SP ID="P43_SP00118" HPOS="346" VPOS="1407" WIDTH="22"/>
						<String ID="P43_ST00143" HPOS="368" VPOS="1377" WIDTH="97" HEIGHT="37" CONTENT="padre" WC="0.86" CC="00600"/>
						<SP ID="P43_SP00119" HPOS="465" VPOS="1414" WIDTH="21"/>
						<String ID="P43_ST00144" HPOS="486" VPOS="1383" WIDTH="53" HEIGHT="23" CONTENT="tuo" WC="1.00" CC="000"/>
						<SP ID="P43_SP00120" HPOS="539" VPOS="1414" WIDTH="21"/>
						<String ID="P43_ST00145" HPOS="560" VPOS="1376" WIDTH="24" HEIGHT="30" CONTENT="si" WC="0.77" CC="04"/>
						<SP ID="P43_SP00121" HPOS="584" VPOS="1414" WIDTH="21"/>
						<String ID="P43_ST00146" HPOS="605" VPOS="1385" WIDTH="79" HEIGHT="29" CONTENT="gran" WC="0.92" CC="0003"/>
						<SP ID="P43_SP00122" HPOS="684" VPOS="1414" WIDTH="21"/>
						<String ID="P43_ST00147" HPOS="705" VPOS="1374" WIDTH="95" HEIGHT="31" CONTENT="dolor." WC="0.92" CC="050000"/>
					</TextLine>
				</TextBlock>
				<TextBlock ID="P43_TB00015" HPOS="71" VPOS="1427" WIDTH="914" HEIGHT="97" STYLEREFS="TXT_2 PAR_LEFT">
					<TextLine ID="P43_TL00026" HPOS="71" VPOS="1428" WIDTH="914" HEIGHT="29">
						<String ID="P43_ST00148" HPOS="71" VPOS="1430" WIDTH="76" HEIGHT="27" CONTENT="(Bruno" WC="0.59" CC="053265"/>
						<SP ID="P43_SP00123" HPOS="147" VPOS="1457" WIDTH="14"/>
						<String ID="P43_ST00149" HPOS="161" VPOS="1430" WIDTH="16" HEIGHT="21" CONTENT="si" WC="0.63" CC="70"/>
						<SP ID="P43_SP00124" HPOS="177" VPOS="1457" WIDTH="15"/>
						<String ID="P43_ST00150" HPOS="192" VPOS="1431" WIDTH="128" HEIGHT="20" CONTENT="abbandona" WC="0.62" CC="900060287"/>
						<SP ID="P43_SP00125" HPOS="320" VPOS="1457" WIDTH="15"/>
						<String ID="P43_ST00151" HPOS="335" VPOS="1434" WIDTH="82" HEIGHT="17" CONTENT="scorato" WC="0.63" CC="5224900"/>
						<SP ID="P43_SP00126" HPOS="417" VPOS="1457" WIDTH="15"/>
						<String ID="P43_ST00152" HPOS="432" VPOS="1437" WIDTH="24" HEIGHT="13" CONTENT="su" WC="0.43" CC="55"/>
						<SP ID="P43_SP00127" HPOS="456" VPOS="1457" WIDTH="10"/>
						<String ID="P43_ST00153" HPOS="466" VPOS="1429" WIDTH="21" HEIGHT="20" CONTENT="di" WC="0.71" CC="05"/>
						<SP ID="P43_SP00128" HPOS="487" VPOS="1457" WIDTH="16"/>
						<String ID="P43_ST00154" HPOS="503" VPOS="1436" WIDTH="27" HEIGHT="13" CONTENT="un" WC="0.72" CC="05"/>
						<SP ID="P43_SP00129" HPOS="530" VPOS="1457" WIDTH="16"/>
						<String ID="P43_ST00155" HPOS="546" VPOS="1429" WIDTH="71" HEIGHT="20" CONTENT="sedile." WC="0.59" CC="1690360"/>
						<SP ID="P43_SP00130" HPOS="617" VPOS="1457" WIDTH="12"/>
						<String ID="P43_ST00156" HPOS="629" VPOS="1428" WIDTH="72" HEIGHT="22" CONTENT="Palma" WC="0.51" CC="99003"/>
						<SP ID="P43_SP00131" HPOS="701" VPOS="1457" WIDTH="15"/>
						<String ID="P43_ST00157" HPOS="716" VPOS="1435" WIDTH="24" HEIGHT="12" CONTENT="va" WC="0.11" CC="79"/>
						<SP ID="P43_SP00132" HPOS="740" VPOS="1457" WIDTH="16"/>
						<String ID="P43_ST00158" HPOS="756" VPOS="1434" WIDTH="70" HEIGHT="21" CONTENT="presso" WC="0.31" CC="766666"/>
						<SP ID="P43_SP00133" HPOS="826" VPOS="1457" WIDTH="15"/>
						<String ID="P43_ST00159" HPOS="841" VPOS="1428" WIDTH="28" HEIGHT="19" CONTENT="lui" WC="0.91" CC="020"/>
						<SP ID="P43_SP00134" HPOS="869" VPOS="1457" WIDTH="16"/>
						<String ID="P43_ST00160" HPOS="885" VPOS="1435" WIDTH="37" HEIGHT="19" CONTENT="per" WC="0.39" CC="962"/>
						<SP ID="P43_SP00135" HPOS="922" VPOS="1457" WIDTH="15"/>
						<String ID="P43_ST00161" HPOS="937" VPOS="1435" WIDTH="48" HEIGHT="12" CONTENT="con-" WC="0.82" CC="6010"/>
					</TextLine>
					<TextLine ID="P43_TL00027" HPOS="123" VPOS="1463" WIDTH="858" HEIGHT="28">
						<String ID="P43_ST00162" HPOS="123" VPOS="1465" WIDTH="88" HEIGHT="20" CONTENT="fortarlo." WC="0.60" CC="550606190"/>
						<SP ID="P43_SP00136" HPOS="211" VPOS="1485" WIDTH="16"/>
						<String ID="P43_ST00163" HPOS="227" VPOS="1467" WIDTH="90" HEIGHT="18" CONTENT="Gemma" WC="0.53" CC="77170"/>
						<SP ID="P43_SP00137" HPOS="317" VPOS="1485" WIDTH="11"/>
						<String ID="P43_ST00164" HPOS="328" VPOS="1473" WIDTH="11" HEIGHT="12" CONTENT="e" WC="0.61" CC="3"/>
						<SP ID="P43_SP00138" HPOS="339" VPOS="1485" WIDTH="12"/>
						<String ID="P43_ST00165" HPOS="351" VPOS="1466" WIDTH="70" HEIGHT="25" CONTENT="Signa," WC="0.79" CC="040800"/>
						<SP ID="P43_SP00139" HPOS="421" VPOS="1491" WIDTH="11"/>
						<String ID="P43_ST00166" HPOS="432" VPOS="1463" WIDTH="74" HEIGHT="28" CONTENT="seguiti" WC="0.63" CC="5194031"/>
						<SP ID="P43_SP00140" HPOS="506" VPOS="1491" WIDTH="11"/>
						<String ID="P43_ST00167" HPOS="517" VPOS="1464" WIDTH="27" HEIGHT="20" CONTENT="da" WC="1.00" CC="00"/>
						<SP ID="P43_SP00141" HPOS="544" VPOS="1491" WIDTH="11"/>
						<String ID="P43_ST00168" HPOS="555" VPOS="1464" WIDTH="98" HEIGHT="22" CONTENT="Sartorio," WC="0.57" CC="093253660"/>
						<SP ID="P43_SP00142" HPOS="653" VPOS="1491" WIDTH="16"/>
						<String ID="P43_ST00169" HPOS="669" VPOS="1463" WIDTH="16" HEIGHT="20" CONTENT="si" WC="0.23" CC="95"/>
						<SP ID="P43_SP00143" HPOS="685" VPOS="1491" WIDTH="15"/>
						<String ID="P43_ST00170" HPOS="700" VPOS="1463" WIDTH="137" HEIGHT="20" CONTENT="allontanano" WC="0.58" CC="00095508069"/>
						<SP ID="P43_SP00144" HPOS="837" VPOS="1491" WIDTH="10"/>
						<String ID="P43_ST00171" HPOS="847" VPOS="1463" WIDTH="134" HEIGHT="21" CONTENT="lentamente," WC="0.62" CC="49840048100"/>
					</TextLine>
					<TextLine ID="P43_TL00028" HPOS="122" VPOS="1500" WIDTH="245" HEIGHT="24">
						<String ID="P43_ST00172" HPOS="122" VPOS="1504" WIDTH="77" HEIGHT="16" CONTENT="mentre" WC="0.47" CC="854444"/>
						<SP ID="P43_SP00145" HPOS="199" VPOS="1520" WIDTH="16"/>
						<String ID="P43_ST00173" HPOS="215" VPOS="1501" WIDTH="45" HEIGHT="19" CONTENT="cala" WC="0.56" CC="7900"/>
						<SP ID="P43_SP00146" HPOS="260" VPOS="1520" WIDTH="16"/>
						<String ID="P43_ST00174" HPOS="276" VPOS="1501" WIDTH="19" HEIGHT="19" CONTENT="la" WC="0.50" CC="09"/>
						<SP ID="P43_SP00147" HPOS="295" VPOS="1520" WIDTH="16"/>
						<String ID="P43_ST00175" HPOS="311" VPOS="1500" WIDTH="56" HEIGHT="24" CONTENT="tela.)" WC="0.81" CC="040400"/>
					</TextLine>
				</TextBlock>
				<TextBlock ID="P43_TB00016" HPOS="340" VPOS="1577" WIDTH="364" HEIGHT="31" STYLEREFS="TXT_2 PAR_CENTER">
					<TextLine ID="P43_TL00029" HPOS="341" VPOS="1578" WIDTH="363" HEIGHT="30">
						<String ID="P43_ST00176" HPOS="341" VPOS="1580" WIDTH="75" HEIGHT="28" CONTENT="Fine" WC="0.78" CC="0206"/>
						<SP ID="P43_SP00148" HPOS="416" VPOS="1608" WIDTH="20"/>
						<String ID="P43_ST00177" HPOS="436" VPOS="1579" WIDTH="125" HEIGHT="29" CONTENT="dell'atto" WC="0.56" CC="080247707"/>
						<SP ID="P43_SP00149" HPOS="561" VPOS="1608" WIDTH="19"/>
						<String ID="P43_ST00178" HPOS="580" VPOS="1578" WIDTH="124" HEIGHT="30" CONTENT="sccondo." WC="0.49" CC="80696090"/>
					</TextLine>
				</TextBlock>
			</PrintSpace>
		</Page>
	</Layout>
</alto>
