<?xml version="1.0" encoding="UTF-8"?>
<alto xmlns:xsi="http://www.w3.org/2001/XMLSchema-instance" xsi:noNamespaceSchemaLocation="http://www.bl.uk/schemas/alto/alto-1-4.xsd" xmlns:xlink="http://www.w3.org/1999/xlink">
	<Description>
		<MeasurementUnit>mm10</MeasurementUnit>
		<sourceImageInformation>
			<fileName>//head1/IN/2007-38/A0010734203/000377.jp2</fileName>
		</sourceImageInformation>
		<OCRProcessing ID="OCRPROCESSING_1">
			<preProcessingStep>
				<processingSoftware>
					<softwareCreator>CCS Content Conversion Specialists GmbH, Germany</softwareCreator>
					<softwareName>CCS docWORKS</softwareName>
					<softwareVersion>6.1-0.58</softwareVersion>
				</processingSoftware>
			</preProcessingStep>
			<ocrProcessingStep>
				<processingSoftware>
					<softwareCreator>ABBYY (BIT Software), Russia</softwareCreator>
					<softwareName>Finereader</softwareName>
				</processingSoftware>
			</ocrProcessingStep>
		</OCRProcessing>
	</Description>
	<Styles>
		<TextStyle ID="TXT_0" FONTSIZE="10" FONTFAMILY="Courier New"/>
		<TextStyle ID="TXT_1" FONTSIZE="11" FONTFAMILY="Courier New"/>
		<TextStyle ID="TXT_2" FONTSIZE="9" FONTFAMILY="Courier New"/>
		<ParagraphStyle ID="PAR_LEFT" ALIGN="Left"/>
		<ParagraphStyle ID="PAR_CENTER" ALIGN="Center"/>
	</Styles>
	<Layout>
		<Page ID="P33" PHYSICAL_IMG_NR="33" HEIGHT="1981" WIDTH="1214" POSITION="Right" ACCURACY="78.38">
			<TopMargin ID="P33_TM00001" HPOS="0" VPOS="0" WIDTH="1214" HEIGHT="120"/>
			<LeftMargin ID="P33_LM00001" HPOS="0" VPOS="120" WIDTH="88" HEIGHT="1741"/>
			<RightMargin ID="P33_RM00001" HPOS="996" VPOS="120" WIDTH="218" HEIGHT="1741">
				<TextBlock ID="P33_TB00001" HPOS="996" VPOS="713" WIDTH="5" HEIGHT="14" STYLEREFS="TXT_0 PAR_LEFT">
					<TextLine ID="P33_TL00001" HPOS="997" VPOS="715" WIDTH="4" HEIGHT="12">
						<String ID="P33_ST00001" HPOS="997" VPOS="715" WIDTH="4" HEIGHT="12" CONTENT="i" WC="0.41" CC="5"/>
					</TextLine>
				</TextBlock>
			</RightMargin>
			<BottomMargin ID="P33_BM00001" HPOS="0" VPOS="1861" WIDTH="1214" HEIGHT="120"/>
			<PrintSpace ID="P33_PS00001" HPOS="88" VPOS="120" WIDTH="909" HEIGHT="1741">
				<TextBlock ID="P33_TB00002" HPOS="223" VPOS="393" WIDTH="643" HEIGHT="54" STYLEREFS="TXT_1 PAR_CENTER">
					<TextLine ID="P33_TL00002" HPOS="224" VPOS="393" WIDTH="641" HEIGHT="54">
						<String ID="P33_ST00002" HPOS="224" VPOS="393" WIDTH="216" HEIGHT="54" CONTENT="ATTO" WC="0.97" CC="0001"/>
						<SP ID="P33_SP00001" HPOS="440" VPOS="447" WIDTH="46"/>
						<String ID="P33_ST00003" HPOS="486" VPOS="393" WIDTH="379" HEIGHT="54" CONTENT="SECONDO" WC="0.85" CC="5000103"/>
					</TextLine>
				</TextBlock>
				<TextBlock ID="P33_TB00003" HPOS="149" VPOS="621" WIDTH="789" HEIGHT="29" STYLEREFS="TXT_1 PAR_CENTER">
					<TextLine ID="P33_TL00003" HPOS="151" VPOS="622" WIDTH="787" HEIGHT="28">
						<String ID="P33_ST00004" HPOS="151" VPOS="622" WIDTH="185" HEIGHT="28" CONTENT="INTERNO" WC="0.80" CC="0000850"/>
						<SP ID="P33_SP00002" HPOS="336" VPOS="650" WIDTH="22"/>
						<String ID="P33_ST00005" HPOS="358" VPOS="623" WIDTH="83" HEIGHT="26" CONTENT="DEL" WC="1.00" CC="000"/>
						<SP ID="P33_SP00003" HPOS="441" VPOS="650" WIDTH="21"/>
						<String ID="P33_ST00006" HPOS="462" VPOS="622" WIDTH="237" HEIGHT="28" CONTENT="CASCINALE" WC="0.88" CC="000009000"/>
						<SP ID="P33_SP00004" HPOS="699" VPOS="650" WIDTH="23"/>
						<String ID="P33_ST00007" HPOS="722" VPOS="624" WIDTH="43" HEIGHT="26" CONTENT="DI" WC="0.91" CC="10"/>
						<SP ID="P33_SP00005" HPOS="765" VPOS="650" WIDTH="21"/>
						<String ID="P33_ST00008" HPOS="786" VPOS="622" WIDTH="152" HEIGHT="28" CONTENT="BRUNO." WC="0.93" CC="000102"/>
					</TextLine>
				</TextBlock>
				<TextBlock ID="P33_TB00004" HPOS="88" VPOS="706" WIDTH="909" HEIGHT="106" STYLEREFS="TXT_2 PAR_LEFT">
					<TextLine ID="P33_TL00004" HPOS="89" VPOS="706" WIDTH="908" HEIGHT="31">
						<String ID="P33_ST00009" HPOS="89" VPOS="707" WIDTH="102" HEIGHT="22" CONTENT="Grande" WC="0.76" CC="501043"/>
						<SP ID="P33_SP00006" HPOS="191" VPOS="729" WIDTH="19"/>
						<String ID="P33_ST00010" HPOS="210" VPOS="710" WIDTH="122" HEIGHT="26" CONTENT="apertura" WC="0.97" CC="00010001"/>
						<SP ID="P33_SP00007" HPOS="332" VPOS="736" WIDTH="18"/>
						<String ID="P33_ST00011" HPOS="350" VPOS="706" WIDTH="41" HEIGHT="23" CONTENT="nel" WC="1.00" CC="000"/>
						<SP ID="P33_SP00008" HPOS="391" VPOS="736" WIDTH="18"/>
						<String ID="P33_ST00012" HPOS="409" VPOS="706" WIDTH="85" HEIGHT="29" CONTENT="fondo," WC="0.71" CC="005712"/>
						<SP ID="P33_SP00009" HPOS="494" VPOS="736" WIDTH="27"/>
						<String ID="P33_ST00013" HPOS="521" VPOS="710" WIDTH="145" HEIGHT="19" CONTENT="attraverso" WC="0.92" CC="0052000000"/>
						<SP ID="P33_SP00010" HPOS="666" VPOS="736" WIDTH="25"/>
						<String ID="P33_ST00014" HPOS="691" VPOS="707" WIDTH="24" HEIGHT="22" CONTENT="la" WC="1.00" CC="00"/>
						<SP ID="P33_SP00011" HPOS="715" VPOS="736" WIDTH="17"/>
						<String ID="P33_ST00015" HPOS="732" VPOS="707" WIDTH="77" HEIGHT="30" CONTENT="quale" WC="1.00" CC="00000"/>
						<SP ID="P33_SP00012" HPOS="809" VPOS="737" WIDTH="25"/>
						<String ID="P33_ST00016" HPOS="834" VPOS="706" WIDTH="21" HEIGHT="23" CONTENT="si" WC="1.00" CC="00"/>
						<SP ID="P33_SP00013" HPOS="855" VPOS="737" WIDTH="18"/>
						<String ID="P33_ST00017" HPOS="873" VPOS="706" WIDTH="102" HEIGHT="23" CONTENT="vedono" WC="0.95" CC="000020"/>
						<SP ID="P33_SP00014" HPOS="975" VPOS="737" WIDTH="20"/>
						<String ID="P33_ST00018" HPOS="995" VPOS="706" WIDTH="2" HEIGHT="22" CONTENT="i" WC="1.00" CC="0"/>
					</TextLine>
					<TextLine ID="P33_TL00005" HPOS="146" VPOS="744" WIDTH="850" HEIGHT="31">
						<String ID="P33_ST00019" HPOS="146" VPOS="744" WIDTH="84" HEIGHT="30" CONTENT="campi" WC="0.57" CC="00866"/>
						<SP ID="P33_SP00015" HPOS="230" VPOS="774" WIDTH="18"/>
						<String ID="P33_ST00020" HPOS="248" VPOS="752" WIDTH="14" HEIGHT="15" CONTENT="e" WC="1.00" CC="0"/>
						<SP ID="P33_SP00016" HPOS="262" VPOS="774" WIDTH="17"/>
						<String ID="P33_ST00021" HPOS="279" VPOS="744" WIDTH="24" HEIGHT="23" CONTENT="al" WC="0.50" CC="90"/>
						<SP ID="P33_SP00017" HPOS="303" VPOS="774" WIDTH="18"/>
						<String ID="P33_ST00022" HPOS="321" VPOS="744" WIDTH="24" HEIGHT="23" CONTENT="di" WC="0.73" CC="05"/>
						<SP ID="P33_SP00018" HPOS="345" VPOS="774" WIDTH="18"/>
						<String ID="P33_ST00023" HPOS="363" VPOS="745" WIDTH="24" HEIGHT="22" CONTENT="la" WC="0.42" CC="46"/>
						<SP ID="P33_SP00019" HPOS="387" VPOS="774" WIDTH="19"/>
						<String ID="P33_ST00024" HPOS="406" VPOS="745" WIDTH="23" HEIGHT="22" CONTENT="le" WC="1.00" CC="00"/>
						<SP ID="P33_SP00020" HPOS="429" VPOS="774" WIDTH="23"/>
						<String ID="P33_ST00025" HPOS="452" VPOS="744" WIDTH="92" HEIGHT="23" CONTENT="colline" WC="0.93" CC="0300000"/>
						<SP ID="P33_SP00021" HPOS="544" VPOS="774" WIDTH="17"/>
						<String ID="P33_ST00026" HPOS="561" VPOS="750" WIDTH="107" HEIGHT="25" CONTENT="coperte" WC="0.93" CC="0040000"/>
						<SP ID="P33_SP00022" HPOS="668" VPOS="775" WIDTH="17"/>
						<String ID="P33_ST00027" HPOS="685" VPOS="745" WIDTH="25" HEIGHT="23" CONTENT="di" WC="0.94" CC="01"/>
						<SP ID="P33_SP00023" HPOS="710" VPOS="775" WIDTH="17"/>
						<String ID="P33_ST00028" HPOS="727" VPOS="745" WIDTH="105" HEIGHT="30" CONTENT="vigneti." WC="0.68" CC="00540752"/>
						<SP ID="P33_SP00024" HPOS="832" VPOS="775" WIDTH="19"/>
						<String ID="P33_ST00029" HPOS="851" VPOS="744" WIDTH="95" HEIGHT="29" CONTENT="Bruno," WC="0.94" CC="001002"/>
						<SP ID="P33_SP00025" HPOS="946" VPOS="775" WIDTH="16"/>
						<String ID="P33_ST00030" HPOS="962" VPOS="752" WIDTH="34" HEIGHT="15" CONTENT="as-" WC="0.63" CC="370"/>
					</TextLine>
					<TextLine ID="P33_TL00006" HPOS="146" VPOS="783" WIDTH="850" HEIGHT="29">
						<String ID="P33_ST00031" HPOS="146" VPOS="787" WIDTH="69" HEIGHT="20" CONTENT="sorto" WC="0.88" CC="30002"/>
						<SP ID="P33_SP00026" HPOS="215" VPOS="807" WIDTH="18"/>
						<String ID="P33_ST00032" HPOS="233" VPOS="783" WIDTH="24" HEIGHT="23" CONTENT="in" WC="0.74" CC="05"/>
						<SP ID="P33_SP00027" HPOS="257" VPOS="807" WIDTH="11"/>
						<String ID="P33_ST00033" HPOS="268" VPOS="783" WIDTH="128" HEIGHT="29" CONTENT="profonda" WC="0.67" CC="00369600"/>
						<SP ID="P33_SP00028" HPOS="396" VPOS="812" WIDTH="12"/>
						<String ID="P33_ST00034" HPOS="408" VPOS="783" WIDTH="181" HEIGHT="28" CONTENT="meditazione," WC="0.86" CC="100000042402"/>
						<SP ID="P33_SP00029" HPOS="589" VPOS="812" WIDTH="14"/>
						<String ID="P33_ST00035" HPOS="603" VPOS="785" WIDTH="100" HEIGHT="27" CONTENT="guarda" WC="0.72" CC="270005"/>
						<SP ID="P33_SP00030" HPOS="703" VPOS="812" WIDTH="18"/>
						<String ID="P33_ST00036" HPOS="721" VPOS="791" WIDTH="76" HEIGHT="16" CONTENT="verso" WC="1.00" CC="00000"/>
						<SP ID="P33_SP00031" HPOS="797" VPOS="812" WIDTH="12"/>
						<String ID="P33_ST00037" HPOS="809" VPOS="784" WIDTH="24" HEIGHT="23" CONTENT="la" WC="1.00" CC="00"/>
						<SP ID="P33_SP00032" HPOS="833" VPOS="812" WIDTH="18"/>
						<String ID="P33_ST00038" HPOS="851" VPOS="791" WIDTH="145" HEIGHT="21" CONTENT="campagna" WC="0.69" CC="40002942"/>
					</TextLine>
				</TextBlock>
				<TextBlock ID="P33_TB00005" HPOS="393" VPOS="897" WIDTH="305" HEIGHT="30" STYLEREFS="TXT_1 PAR_CENTER">
					<TextLine ID="P33_TL00007" HPOS="394" VPOS="897" WIDTH="304" HEIGHT="30">
						<String ID="P33_ST00039" HPOS="394" VPOS="897" WIDTH="141" HEIGHT="30" CONTENT="SCENA" WC="0.61" CC="93600"/>
						<SP ID="P33_SP00033" HPOS="535" VPOS="927" WIDTH="24"/>
						<String ID="P33_ST00040" HPOS="559" VPOS="897" WIDTH="139" HEIGHT="30" CONTENT="PRIMA." WC="0.74" CC="644000"/>
					</TextLine>
				</TextBlock>
				<TextBlock ID="P33_TB00006" HPOS="376" VPOS="1004" WIDTH="339" HEIGHT="29" STYLEREFS="TXT_0 PAR_CENTER">
					<TextLine ID="P33_TL00008" HPOS="377" VPOS="1004" WIDTH="338" HEIGHT="29">
						<String ID="P33_ST00041" HPOS="377" VPOS="1007" WIDTH="112" HEIGHT="26" CONTENT="Bruno" WC="0.81" CC="00350"/>
						<SP ID="P33_SP00034" HPOS="489" VPOS="1033" WIDTH="21"/>
						<String ID="P33_ST00042" HPOS="510" VPOS="1004" WIDTH="205" HEIGHT="29" CONTENT="avanzandosi." WC="0.56" CC="543854244540"/>
					</TextLine>
				</TextBlock>
				<TextBlock ID="P33_TB00007" HPOS="161" VPOS="1079" WIDTH="796" HEIGHT="590" STYLEREFS="TXT_2 PAR_LEFT">
					<TextLine ID="P33_TL00009" HPOS="163" VPOS="1079" WIDTH="794" HEIGHT="40">
						<String ID="P33_ST00043" HPOS="163" VPOS="1083" WIDTH="67" HEIGHT="28" CONTENT="Cosi" WC="0.42" CC="9704"/>
						<SP ID="P33_SP00035" HPOS="230" VPOS="1111" WIDTH="27"/>
						<String ID="P33_ST00044" HPOS="257" VPOS="1093" WIDTH="61" HEIGHT="18" CONTENT="non" WC="0.75" CC="700"/>
						<SP ID="P33_SP00036" HPOS="318" VPOS="1111" WIDTH="22"/>
						<String ID="P33_ST00045" HPOS="340" VPOS="1093" WIDTH="60" HEIGHT="26" CONTENT="puo" WC="0.89" CC="030"/>
						<SP ID="P33_SP00037" HPOS="400" VPOS="1119" WIDTH="22"/>
						<String ID="P33_ST00046" HPOS="422" VPOS="1081" WIDTH="100" HEIGHT="30" CONTENT="durar." WC="0.90" CC="020012"/>
						<SP ID="P33_SP00038" HPOS="522" VPOS="1119" WIDTH="28"/>
						<String ID="P33_ST00047" HPOS="550" VPOS="1098" WIDTH="34" HEIGHT="4" CONTENT="—" WC="0.20" CC="8"/>
						<SP ID="P33_SP00039" HPOS="584" VPOS="1119" WIDTH="26"/>
						<String ID="P33_ST00048" HPOS="610" VPOS="1080" WIDTH="37" HEIGHT="30" CONTENT="Ei" WC="0.51" CC="45"/>
						<SP ID="P33_SP00040" HPOS="647" VPOS="1119" WIDTH="22"/>
						<String ID="P33_ST00049" HPOS="669" VPOS="1091" WIDTH="76" HEIGHT="27" CONTENT="pace" WC="1.00" CC="0000"/>
						<SP ID="P33_SP00041" HPOS="745" VPOS="1119" WIDTH="22"/>
						<String ID="P33_ST00050" HPOS="767" VPOS="1091" WIDTH="60" HEIGHT="19" CONTENT="non" WC="0.90" CC="200"/>
						<SP ID="P33_SP00042" HPOS="827" VPOS="1119" WIDTH="21"/>
						<String ID="P33_ST00051" HPOS="848" VPOS="1080" WIDTH="40" HEIGHT="29" CONTENT="ha" WC="0.85" CC="20"/>
						<SP ID="P33_SP00043" HPOS="888" VPOS="1119" WIDTH="20"/>
						<String ID="P33_ST00052" HPOS="908" VPOS="1079" WIDTH="49" HEIGHT="39" CONTENT="piii" WC="0.73" CC="0280"/>
					</TextLine>
					<TextLine ID="P33_TL00010" HPOS="202" VPOS="1129" WIDTH="139" HEIGHT="37">
						<String ID="P33_ST00053" HPOS="202" VPOS="1129" WIDTH="55" HEIGHT="28" CONTENT="Chi" WC="0.54" CC="760"/>
						<SP ID="P33_SP00044" HPOS="257" VPOS="1157" WIDTH="23"/>
						<String ID="P33_ST00054" HPOS="280" VPOS="1139" WIDTH="61" HEIGHT="27" CONTENT="puo" WC="0.82" CC="050"/>
					</TextLine>
					<TextLine ID="P33_TL00011" HPOS="202" VPOS="1173" WIDTH="332" HEIGHT="39">
						<String ID="P33_ST00055" HPOS="202" VPOS="1174" WIDTH="45" HEIGHT="29" CONTENT="La" WC="0.62" CC="70"/>
						<SP ID="P33_SP00045" HPOS="247" VPOS="1203" WIDTH="21"/>
						<String ID="P33_ST00056" HPOS="268" VPOS="1173" WIDTH="74" HEIGHT="39" CONTENT="foga" WC="0.85" CC="5000"/>
						<SP ID="P33_SP00046" HPOS="342" VPOS="1212" WIDTH="20"/>
						<String ID="P33_ST00057" HPOS="362" VPOS="1173" WIDTH="172" HEIGHT="39" CONTENT="soggiogar" WC="0.98" CC="000001000"/>
					</TextLine>
					<TextLine ID="P33_TL00012" HPOS="204" VPOS="1218" WIDTH="611" HEIGHT="38">
						<String ID="P33_ST00058" HPOS="204" VPOS="1220" WIDTH="6" HEIGHT="28" CONTENT="I" WC="1.00" CC="0"/>
						<SP ID="P33_SP00047" HPOS="210" VPOS="1248" WIDTH="13"/>
						<String ID="P33_ST00059" HPOS="223" VPOS="1218" WIDTH="69" HEIGHT="31" CONTENT=")ella" WC="0.78" CC="37000"/>
						<SP ID="P33_SP00048" HPOS="292" VPOS="1249" WIDTH="20"/>
						<String ID="P33_ST00060" HPOS="312" VPOS="1219" WIDTH="134" HEIGHT="30" CONTENT="fiumana" WC="0.90" CC="1140000"/>
						<SP ID="P33_SP00049" HPOS="446" VPOS="1249" WIDTH="22"/>
						<String ID="P33_ST00061" HPOS="468" VPOS="1218" WIDTH="57" HEIGHT="30" CONTENT="che" WC="0.78" CC="006"/>
						<SP ID="P33_SP00050" HPOS="525" VPOS="1249" WIDTH="21"/>
						<String ID="P33_ST00062" HPOS="546" VPOS="1218" WIDTH="24" HEIGHT="29" CONTENT="si" WC="0.67" CC="15"/>
						<SP ID="P33_SP00051" HPOS="570" VPOS="1249" WIDTH="21"/>
						<String ID="P33_ST00063" HPOS="591" VPOS="1218" WIDTH="78" HEIGHT="38" CONTENT="gitta" WC="0.90" CC="04000"/>
						<SP ID="P33_SP00052" HPOS="669" VPOS="1256" WIDTH="22"/>
						<String ID="P33_ST00064" HPOS="691" VPOS="1218" WIDTH="28" HEIGHT="28" CONTENT="in" WC="0.81" CC="30"/>
						<SP ID="P33_SP00053" HPOS="719" VPOS="1256" WIDTH="22"/>
						<String ID="P33_ST00065" HPOS="741" VPOS="1228" WIDTH="74" HEIGHT="23" CONTENT="mar," WC="0.69" CC="9020"/>
					</TextLine>
					<TextLine ID="P33_TL00013" HPOS="207" VPOS="1264" WIDTH="93" HEIGHT="39">
						<String ID="P33_ST00066" HPOS="207" VPOS="1264" WIDTH="93" HEIGHT="39" CONTENT="Fatal," WC="0.73" CC="603104"/>
					</TextLine>
					<TextLine ID="P33_TL00014" HPOS="203" VPOS="1308" WIDTH="412" HEIGHT="42">
						<String ID="P33_ST00067" HPOS="203" VPOS="1311" WIDTH="68" HEIGHT="29" CONTENT="Con" WC="0.49" CC="077"/>
						<SP ID="P33_SP00054" HPOS="271" VPOS="1340" WIDTH="22"/>
						<String ID="P33_ST00068" HPOS="293" VPOS="1311" WIDTH="82" HEIGHT="29" CONTENT="forza" WC="0.83" CC="00017"/>
						<SP ID="P33_SP00055" HPOS="375" VPOS="1340" WIDTH="20"/>
						<String ID="P33_ST00069" HPOS="395" VPOS="1321" WIDTH="94" HEIGHT="19" CONTENT="senza" WC="0.76" CC="50060"/>
						<SP ID="P33_SP00056" HPOS="489" VPOS="1340" WIDTH="20"/>
						<String ID="P33_ST00070" HPOS="509" VPOS="1308" WIDTH="106" HEIGHT="42" CONTENT="ugual?" WC="0.63" CC="300773"/>
					</TextLine>
					<TextLine ID="P33_TL00015" HPOS="203" VPOS="1355" WIDTH="573" HEIGHT="41">
						<String ID="P33_ST00071" HPOS="203" VPOS="1356" WIDTH="23" HEIGHT="32" CONTENT="E" WC="0.44" CC="5"/>
						<SP ID="P33_SP00057" HPOS="226" VPOS="1388" WIDTH="26"/>
						<String ID="P33_ST00072" HPOS="252" VPOS="1357" WIDTH="98" HEIGHT="39" CONTENT="Signa" WC="0.80" CC="70010"/>
						<SP ID="P33_SP00058" HPOS="350" VPOS="1396" WIDTH="21"/>
						<String ID="P33_ST00073" HPOS="371" VPOS="1363" WIDTH="149" HEIGHT="23" CONTENT="trattener" WC="0.92" CC="220000010"/>
						<SP ID="P33_SP00059" HPOS="520" VPOS="1396" WIDTH="20"/>
						<String ID="P33_ST00074" HPOS="540" VPOS="1356" WIDTH="82" HEIGHT="29" CONTENT="forse" WC="0.95" CC="02000"/>
						<SP ID="P33_SP00060" HPOS="622" VPOS="1396" WIDTH="21"/>
						<String ID="P33_ST00075" HPOS="643" VPOS="1355" WIDTH="133" HEIGHT="39" CONTENT="poss'io?" WC="0.86" CC="00003510"/>
					</TextLine>
					<TextLine ID="P33_TL00016" HPOS="202" VPOS="1400" WIDTH="641" HEIGHT="39">
						<String ID="P33_ST00076" HPOS="202" VPOS="1404" WIDTH="125" HEIGHT="29" CONTENT="Rancor" WC="0.66" CC="096004"/>
						<SP ID="P33_SP00061" HPOS="327" VPOS="1433" WIDTH="21"/>
						<String ID="P33_ST00077" HPOS="348" VPOS="1414" WIDTH="62" HEIGHT="19" CONTENT="non" WC="0.55" CC="076"/>
						<SP ID="P33_SP00062" HPOS="410" VPOS="1433" WIDTH="22"/>
						<String ID="P33_ST00078" HPOS="432" VPOS="1403" WIDTH="38" HEIGHT="29" CONTENT="mi" WC="1.00" CC="00"/>
						<SP ID="P33_SP00063" HPOS="470" VPOS="1433" WIDTH="24"/>
						<String ID="P33_ST00079" HPOS="494" VPOS="1402" WIDTH="93" HEIGHT="30" CONTENT="serbo" WC="0.89" CC="50000"/>
						<SP ID="P33_SP00064" HPOS="587" VPOS="1433" WIDTH="22"/>
						<String ID="P33_ST00080" HPOS="609" VPOS="1400" WIDTH="48" HEIGHT="39" CONTENT="pel" WC="1.00" CC="000"/>
						<SP ID="P33_SP00065" HPOS="657" VPOS="1439" WIDTH="22"/>
						<String ID="P33_ST00081" HPOS="679" VPOS="1400" WIDTH="61" HEIGHT="31" CONTENT="mio" WC="0.82" CC="050"/>
						<SP ID="P33_SP00066" HPOS="740" VPOS="1439" WIDTH="21"/>
						<String ID="P33_ST00082" HPOS="761" VPOS="1400" WIDTH="82" HEIGHT="29" CONTENT="furor" WC="0.80" CC="00009"/>
					</TextLine>
					<TextLine ID="P33_TL00017" HPOS="203" VPOS="1446" WIDTH="641" HEIGHT="42">
						<String ID="P33_ST00083" HPOS="203" VPOS="1449" WIDTH="26" HEIGHT="31" CONTENT="E" WC="1.00" CC="0"/>
						<SP ID="P33_SP00067" HPOS="229" VPOS="1480" WIDTH="22"/>
						<String ID="P33_ST00084" HPOS="251" VPOS="1461" WIDTH="50" HEIGHT="18" CONTENT="me" WC="0.76" CC="04"/>
						<SP ID="P33_SP00068" HPOS="301" VPOS="1480" WIDTH="21"/>
						<String ID="P33_ST00085" HPOS="322" VPOS="1449" WIDTH="29" HEIGHT="30" CONTENT="lo" WC="1.00" CC="00"/>
						<SP ID="P33_SP00069" HPOS="351" VPOS="1480" WIDTH="22"/>
						<String ID="P33_ST00086" HPOS="373" VPOS="1460" WIDTH="98" HEIGHT="28" CONTENT="prova" WC="0.91" CC="04000"/>
						<SP ID="P33_SP00070" HPOS="471" VPOS="1488" WIDTH="21"/>
						<String ID="P33_ST00087" HPOS="492" VPOS="1448" WIDTH="113" HEIGHT="39" CONTENT="appien" WC="0.88" CC="000303"/>
						<SP ID="P33_SP00071" HPOS="605" VPOS="1488" WIDTH="21"/>
						<String ID="P33_ST00088" HPOS="626" VPOS="1447" WIDTH="45" HEIGHT="30" CONTENT="col" WC="0.99" CC="000"/>
						<SP ID="P33_SP00072" HPOS="671" VPOS="1488" WIDTH="23"/>
						<String ID="P33_ST00089" HPOS="694" VPOS="1446" WIDTH="150" HEIGHT="31" CONTENT="rinunciar" WC="0.73" CC="201450270"/>
					</TextLine>
					<TextLine ID="P33_TL00018" HPOS="203" VPOS="1494" WIDTH="575" HEIGHT="38">
						<String ID="P33_ST00090" HPOS="203" VPOS="1497" WIDTH="26" HEIGHT="27" CONTENT="A" WC="0.01" CC="9"/>
						<SP ID="P33_SP00073" HPOS="229" VPOS="1524" WIDTH="25"/>
						<String ID="P33_ST00091" HPOS="254" VPOS="1502" WIDTH="77" HEIGHT="23" CONTENT="tutto" WC="0.62" CC="66050"/>
						<SP ID="P33_SP00074" HPOS="331" VPOS="1525" WIDTH="22"/>
						<String ID="P33_ST00092" HPOS="353" VPOS="1495" WIDTH="55" HEIGHT="29" CONTENT="che" WC="0.61" CC="460"/>
						<SP ID="P33_SP00075" HPOS="408" VPOS="1525" WIDTH="22"/>
						<String ID="P33_ST00093" HPOS="430" VPOS="1494" WIDTH="88" HEIGHT="30" CONTENT="dolor" WC="1.00" CC="00000"/>
						<SP ID="P33_SP00076" HPOS="518" VPOS="1525" WIDTH="22"/>
						<String ID="P33_ST00094" HPOS="540" VPOS="1494" WIDTH="40" HEIGHT="29" CONTENT="mi" WC="0.73" CC="05"/>
						<SP ID="P33_SP00077" HPOS="580" VPOS="1525" WIDTH="22"/>
						<String ID="P33_ST00095" HPOS="602" VPOS="1504" WIDTH="61" HEIGHT="28" CONTENT="puo" WC="0.81" CC="050"/>
						<SP ID="P33_SP00078" HPOS="663" VPOS="1532" WIDTH="23"/>
						<String ID="P33_ST00096" HPOS="686" VPOS="1503" WIDTH="92" HEIGHT="19" CONTENT="recar." WC="0.90" CC="500000"/>
					</TextLine>
					<TextLine ID="P33_TL00019" HPOS="201" VPOS="1540" WIDTH="236" HEIGHT="36">
						<String ID="P33_ST00097" HPOS="201" VPOS="1541" WIDTH="58" HEIGHT="35" CONTENT="No," WC="0.83" CC="050"/>
						<SP ID="P33_SP00079" HPOS="259" VPOS="1576" WIDTH="24"/>
						<String ID="P33_ST00098" HPOS="283" VPOS="1540" WIDTH="48" HEIGHT="31" CONTENT="noi" WC="0.52" CC="706"/>
						<SP ID="P33_SP00080" HPOS="331" VPOS="1576" WIDTH="22"/>
						<String ID="P33_ST00099" HPOS="353" VPOS="1549" WIDTH="70" HEIGHT="22" CONTENT="sara" WC="0.87" CC="0005"/>
						<String ID="P33_ST00100" HPOS="434" VPOS="1544" WIDTH="3" HEIGHT="25" CONTENT="!" WC="0.56" CC="4"/>
					</TextLine>
					<TextLine ID="P33_TL00020" HPOS="200" VPOS="1586" WIDTH="623" HEIGHT="37">
						<String ID="P33_ST00101" HPOS="200" VPOS="1587" WIDTH="40" HEIGHT="31" CONTENT="Se" WC="0.68" CC="06"/>
						<SP ID="P33_SP00081" HPOS="240" VPOS="1618" WIDTH="23"/>
						<String ID="P33_ST00102" HPOS="263" VPOS="1587" WIDTH="48" HEIGHT="30" CONTENT="nel" WC="0.81" CC="500"/>
						<SP ID="P33_SP00082" HPOS="311" VPOS="1618" WIDTH="22"/>
						<String ID="P33_ST00103" HPOS="333" VPOS="1586" WIDTH="139" HEIGHT="30" CONTENT="lasciarlo" WC="0.53" CC="209139626"/>
						<SP ID="P33_SP00083" HPOS="472" VPOS="1618" WIDTH="22"/>
						<String ID="P33_ST00104" HPOS="494" VPOS="1586" WIDTH="17" HEIGHT="29" CONTENT="il" WC="0.75" CC="50"/>
						<SP ID="P33_SP00084" HPOS="511" VPOS="1618" WIDTH="23"/>
						<String ID="P33_ST00105" HPOS="534" VPOS="1597" WIDTH="53" HEIGHT="18" CONTENT="cor" WC="0.76" CC="150"/>
						<SP ID="P33_SP00085" HPOS="587" VPOS="1618" WIDTH="21"/>
						<String ID="P33_ST00106" HPOS="608" VPOS="1586" WIDTH="23" HEIGHT="29" CONTENT="si" WC="0.80" CC="04"/>
						<SP ID="P33_SP00086" HPOS="631" VPOS="1618" WIDTH="23"/>
						<String ID="P33_ST00107" HPOS="654" VPOS="1594" WIDTH="169" HEIGHT="29" CONTENT="spezzera..." WC="0.86" CC="80060000000"/>
					</TextLine>
					<TextLine ID="P33_TL00021" HPOS="205" VPOS="1632" WIDTH="383" HEIGHT="37">
						<String ID="P33_ST00108" HPOS="205" VPOS="1632" WIDTH="45" HEIGHT="33" CONTENT="Lo" WC="0.44" CC="73"/>
						<SP ID="P33_SP00087" HPOS="250" VPOS="1665" WIDTH="22"/>
						<String ID="P33_ST00109" HPOS="272" VPOS="1637" WIDTH="102" HEIGHT="27" CONTENT="sento!" WC="0.72" CC="050604"/>
						<SP ID="P33_SP00088" HPOS="374" VPOS="1665" WIDTH="25"/>
						<String ID="P33_ST00110" HPOS="399" VPOS="1632" WIDTH="57" HEIGHT="31" CONTENT="De'" WC="0.89" CC="300"/>
						<SP ID="P33_SP00089" HPOS="456" VPOS="1665" WIDTH="24"/>
						<String ID="P33_ST00111" HPOS="480" VPOS="1632" WIDTH="108" HEIGHT="37" CONTENT="partir!" WC="0.81" CC="0030305"/>
					</TextLine>
				</TextBlock>
			</PrintSpace>
		</Page>
	</Layout>
</alto>
