<?xml version="1.0" encoding="UTF-8"?>
<alto xmlns:xsi="http://www.w3.org/2001/XMLSchema-instance" xsi:noNamespaceSchemaLocation="http://www.bl.uk/schemas/alto/alto-1-4.xsd" xmlns:xlink="http://www.w3.org/1999/xlink">
	<Description>
		<MeasurementUnit>mm10</MeasurementUnit>
		<sourceImageInformation>
			<fileName>//head1/IN/2007-38/A0010734203/000350.jp2</fileName>
		</sourceImageInformation>
		<OCRProcessing ID="OCRPROCESSING_1">
			<preProcessingStep>
				<processingSoftware>
					<softwareCreator>CCS Content Conversion Specialists GmbH, Germany</softwareCreator>
					<softwareName>CCS docWORKS</softwareName>
					<softwareVersion>6.1-0.58</softwareVersion>
				</processingSoftware>
			</preProcessingStep>
			<ocrProcessingStep>
				<processingSoftware>
					<softwareCreator>ABBYY (BIT Software), Russia</softwareCreator>
					<softwareName>Finereader</softwareName>
				</processingSoftware>
			</ocrProcessingStep>
		</OCRProcessing>
	</Description>
	<Styles/>
	<Layout>
		<Page ID="P6" PHYSICAL_IMG_NR="6" HEIGHT="1981" WIDTH="1214" POSITION="Left">
			<TopMargin ID="P6_TM00001" HPOS="0" VPOS="0" WIDTH="1214" HEIGHT="0"/>
			<LeftMargin ID="P6_LM00001" HPOS="0" VPOS="0" WIDTH="0" HEIGHT="1981"/>
			<RightMargin ID="P6_RM00001" HPOS="1214" VPOS="0" WIDTH="0" HEIGHT="1981"/>
			<BottomMargin ID="P6_BM00001" HPOS="0" VPOS="1981" WIDTH="1214" HEIGHT="0"/>
			<PrintSpace ID="P6_PS00001" HPOS="0" VPOS="0" WIDTH="1214" HEIGHT="1981"/>
		</Page>
	</Layout>
</alto>
